Mã số sinh viên;Họ;Tên;Lớp;Điểm
N23DCCN001;Nguyễn Văn;A;D23CQCN03-N;10
N23DCCN002;Nguyễn Văn;B;D23CQCN01-N;10
N23DCCN003;Mô Ha Mách Bu Ba;Ka;D23CQCN03-N;10
N23DCCN004;Nguyễn Văn;Tùng;D23CQCN02-N;5
N23DCCN005;Trần Văn;Tân;D23CQCN01-N;5.5
N23DCCN006;Tô Hoàng;Phi;D23CQCN03-N;10
N23DCCN008;Nguyễn Văn;Tân;D23CQCN03-N;5
N23DCCN009;Nguyễn Hữu;Đạt;D23CQQT01-N;7.5
N23DCCN010;Lương Văn;Hân;D23CQDT01-N;3.75
N23DCCN011;Võ Thị;Mai;D23CQCN01-N;9
N23DCCN012;Lê Hoàng;Tú;D23CQCN03-N;6
N23DCCN013;Đinh Công;Minh;D23CQCN02-N;4.5
N23DCCN014;Bùi Ngọc;Thái;D23CQQT01-N;7
N23DCCN015;Phan Văn;Cường;D23CQCN01-N;8
N23DCCN016;Trịnh Thị;Yến;D23CQCN03-N;9.25
N23DCCN017;Lâm Hữu;Nghĩa;D23CQCN02-N;6.75
N23DCCN018;Ngô Văn;Khang;D23CQDT01-N;5.5
N23DCCN019;Hoàng Thị;Bích;D23CQQT01-N;10
N23DCCN020;Đào Minh;Nhật;D23CQCN03-N;3
N23DCCN021;Nguyễn Thị;Linh;D23CQCN01-N;6.5
N23DCCN022;Trần Hữu;Tài;D23CQCN02-N;7.25
N23DCCN023;Phạm Văn;Phúc;D23CQCN03-N;9
N23DCCN024;Lê Thị;Hồng;D23CQQT01-N;8
N23DCCN025;Đinh Văn;Hòa;D23CQDT01-N;4.75
N23DCCN026;Vũ Ngọc;Bảo;D23CQCN02-N;5
N23DCCN027;Ngô Thị;Quỳnh;D23CQCN01-N;10
N23DCCN028;Đặng Hoàng;Nam;D23CQCN03-N;3
N23DCCN029;Trịnh Văn;Khải;D23CQQT01-N;6
N23DCCN030;Hoàng Thị;Thảo;D23CQCN02-N;8.5
N23DCCN031;Đoàn Minh;Phương;D23CQCN01-N;7.75
N23DCCN032;Lý Quốc;Hưng;D23CQDT01-N;6.5
N23DCCN033;Tăng Thị;Như;D23CQQT01-N;9.5
N23DCCN034;Đoàn Văn;Tiến;D23CQCN03-N;4
N23DCCN035;Lương Thị;Hà;D23CQCN02-N;5.25
N23DCCN036;Nguyễn Thanh;Long;D23CQCN01-N;6
N23DCCN037;Trần Quốc;Tuấn;D23CQDT01-N;7.5
N23DCCN038;Phạm Thị;Bích;D23CQCN03-N;8
N23DCCN039;Đỗ Hữu;Phát;D23CQQT01-N;4.5
N23DCCN040;Vũ Thị;Trang;D23CQCN02-N;9.75
N23DCCN041;Nguyễn Văn;Hiếu;D23CQCN01-N;6.75
N23DCCN042;Trần Thị;Thanh;D23CQCN02-N;8
N23DCCN043;Phạm Hồng;Sơn;D23CQCN03-N;7.5
N23DCCN044;Lê Văn;Thịnh;D23CQDT01-N;5.25
N23DCCN045;Vũ Thị;Ngọc;D23CQQT01-N;9.25
N23DCCN046;Đinh Hoàng;Minh;D23CQCN01-N;4
N23DCCN047;Ngô Văn;Lực;D23CQCN02-N;6.25
N23DCCN048;Bùi Thị;Trâm;D23CQCN03-N;10
N23DCCN049;Lương Gia;Huy;D23CQDT01-N;7.75
N23DCCN050;Đoàn Thị;Mỹ;D23CQQT01-N;5
N23DCCN051;Hoàng Văn;Công;D23CQCN01-N;6.5
N23DCCN052;Tô Thị;Lan;D23CQCN02-N;9
N23DCCN053;Nguyễn Hoàng;Phát;D23CQCN03-N;4.25
N23DCCN054;Trần Văn;Quý;D23CQDT01-N;8.5
N23DCCN055;Phan Thị;Hằng;D23CQQT01-N;7
N23DCCN056;Lê Trung;Kiên;D23CQCN01-N;3.5
N23DCCN057;Đặng Thị;Dung;D23CQCN02-N;6
N23DCCN058;Võ Văn;Khôi;D23CQCN03-N;9.75
N23DCCN059;Nguyễn Thị;Thúy;D23CQDT01-N;5.75
N23DCCN060;Trịnh Minh;Hoàng;D23CQQT01-N;8.25
N23DCCN061;Lý Văn;Phong;D23CQCN01-N;7.25
N23DCCN062;Nguyễn Thị;Mai;D23CQCN02-N;6.5
N23DCCN063;Phạm Văn;Toản;D23CQCN03-N;5
N23DCCN064;Đỗ Thị;Thanh;D23CQDT01-N;8.75
N23DCCN065;Vũ Minh;Trí;D23CQQT01-N;9
N23DCCN066;Trần Quốc;Anh;D23CQCN01-N;4.75
N23DCCN067;Bùi Thị;Oanh;D23CQCN02-N;6.25
N23DCCN068;Lê Hữu;Tín;D23CQCN03-N;10
N23DCCN069;Đinh Thị;Lệ;D23CQDT01-N;7.5
N23DCCN070;Ngô Quang;Minh;D23CQQT01-N;5.25
N23DCCN071;Tăng Minh;Nhật;D23CQCN01-N;8.5
N23DCCN072;Hoàng Thị;Thu;D23CQCN02-N;6.75
N23DCCN073;Nguyễn Văn;Tiến;D23CQCN03-N;4.25
N23DCCN074;Phan Văn;Lâm;D23CQDT01-N;7
N23DCCN075;Lý Thị;Cúc;D23CQQT01-N;6
N23DCCN076;Trịnh Quốc;Đạt;D23CQCN01-N;5.5
N23DCCN077;Tô Minh;Tuấn;D23CQCN02-N;8.75
N23DCCN078;Lê Thị;Hồng;D23CQCN03-N;9.25
N23DCCN079;Nguyễn Hồng;Hạnh;D23CQDT01-N;7.25
N23DCCN080;Võ Hoàng;Long;D23CQQT01-N;3.5
N23DCCN081;Đặng Văn;Thắng;D23CQCN01-N;6
N23DCCN082;Hoàng Thị;Yến;D23CQCN02-N;7.75
N23DCCN083;Nguyễn Đức;Thịnh;D23CQCN03-N;9.5
N23DCCN084;Trần Thị;Như;D23CQDT01-N;4.5
N23DCCN085;Phạm Minh;Khoa;D23CQQT01-N;6.75
N23DCCN086;Ngô Thị;Huyền;D23CQCN01-N;8.25
N23DCCN087;Đoàn Văn;Phú;D23CQCN02-N;5.75
N23DCCN088;Bùi Thị;Thanh;D23CQCN03-N;7
N23DCCN089;Nguyễn Văn;Trường;D23CQDT01-N;6.25
N23DCCN090;Lê Hoàng;Nam;D23CQQT01-N;5.5
N23DCCN091;Tăng Thị;Ngọc;D23CQCN01-N;9
N23DCCN092;Phan Văn;Tiệp;D23CQCN02-N;7.25
N23DCCN093;Nguyễn Thị;Tâm;D23CQCN03-N;6
N23DCCN094;Trần Văn;Giang;D23CQDT01-N;8.25
N23DCCN095;Đặng Hoàng;Phúc;D23CQQT01-N;3.75
N23DCCN096;Tô Quang;Hào;D23CQCN01-N;7.5
N23DCCN097;Nguyễn Thị;Quỳnh;D23CQCN02-N;4
N23DCCN098;Lê Thanh;Phong;D23CQCN03-N;6.5
N23DCCN099;Bùi Văn;Khánh;D23CQDT01-N;9.25
N23DCCN100;Đỗ Thị;Lan;D23CQQT01-N;7
N23DCCN101;Nguyễn Thị;Kim;D23CQCN01-N;7.75
N23DCCN102;Trần Văn;Khoa;D23CQCN02-N;6.25
N23DCCN103;Phạm Minh;Tú;D23CQCN03-N;8.5
N23DCCN104;Lê Thị;Thắm;D23CQDT01-N;5
N23DCCN105;Đặng Văn;Đức;D23CQQT01-N;4.25
N23DCCN106;Ngô Thị;Phượng;D23CQCN01-N;9.5
N23DCCN107;Bùi Hữu;Khánh;D23CQCN02-N;6.5
N23DCCN108;Tô Thị;Thảo;D23CQCN03-N;7.25
N23DCCN109;Nguyễn Hoàng;Linh;D23CQDT01-N;5.75
N23DCCN110;Lý Văn;Trọng;D23CQQT01-N;8
N23DCCN111;Phan Thị;Như;D23CQCN01-N;9.25
N23DCCN112;Trịnh Văn;Lộc;D23CQCN02-N;4
N23DCCN113;Đỗ Thị;Thúy;D23CQCN03-N;6.75
N23DCCN114;Lê Quang;Hải;D23CQDT01-N;7.5
N23DCCN115;Nguyễn Hữu;Sang;D23CQQT01-N;8.5
N23DCCN116;Tăng Văn;Cường;D23CQCN01-N;6
N23DCCN117;Đoàn Thị;Diễm;D23CQCN02-N;5.5
N23DCCN118;Vũ Văn;Phát;D23CQCN03-N;9
N23DCCN119;Hoàng Thị;Yến;D23CQDT01-N;7.25
N23DCCN120;Phạm Văn;Thái;D23CQQT01-N;3.5
N23DCCN121;Nguyễn Văn;Dũng;D23CQCN01-N;4.75
N23DCCN122;Lê Thị;Tươi;D23CQCN02-N;8
N23DCCN123;Tô Thị;Kim;D23CQCN03-N;6.25
N23DCCN124;Phan Văn;Sơn;D23CQDT01-N;7
N23DCCN125;Trần Thị;Mai;D23CQQT01-N;5.25
N23DCCN126;Ngô Văn;Tình;D23CQCN01-N;9.75
N23DCCN127;Võ Thị;Bích;D23CQCN02-N;6.5
N23DCCN128;Nguyễn Quốc;Hưng;D23CQCN03-N;4.5
N23DCCN129;Bùi Thị;Dung;D23CQDT01-N;8.75
N23DCCN130;Lý Hồng;Quân;D23CQQT01-N;7.5
N23DCCN131;Đinh Văn;Thành;D23CQCN01-N;6.75
N23DCCN132;Phạm Thị;Lan;D23CQCN02-N;4
N23DCCN133;Tăng Văn;Tấn;D23CQCN03-N;8.25
N23DCCN134;Lê Văn;Quý;D23CQDT01-N;6.25
N23DCCN135;Trịnh Thị;Hòa;D23CQQT01-N;5
N23DCCN136;Nguyễn Văn;Bình;D23CQCN01-N;7.5
N23DCCN137;Vũ Thị;Oanh;D23CQCN02-N;9.25
N23DCCN138;Đoàn Văn;Sĩ;D23CQCN03-N;6
N23DCCN139;Tô Thị;Vân;D23CQDT01-N;7
N23DCCN140;Lê Trung;Kiên;D23CQQT01-N;4.75
N23DCCN141;Ngô Minh;Thịnh;D23CQCN01-N;6.5
N23DCCN142;Trần Thị;Tuyết;D23CQCN02-N;9
N23DCCN143;Phan Hoàng;Anh;D23CQCN03-N;5.25
N23DCCN144;Đặng Thị;Trang;D23CQDT01-N;7.75
N23DCCN145;Nguyễn Quang;Hà;D23CQQT01-N;8.25
N23DCCN146;Tô Minh;Tuệ;D23CQCN01-N;4
N23DCCN147;Lý Văn;Nam;D23CQCN02-N;6.25
N23DCCN148;Hoàng Thị;Nhi;D23CQCN03-N;7.5
N23DCCN149;Trần Văn;Bảo;D23CQDT01-N;5.5
N23DCCN150;Đỗ Thị;Hương;D23CQQT01-N;8.5